{
    "nodes": {
        "node:11524702545993702094": {
            "location": {
                "x": 625,
                "y": 19
            }
        },
        "node:13477316919078303212": {
            "location": {
                "x": 641,
                "y": -157
            }
        },
        "node:14343659111954125658": {
            "location": {
                "x": -200,
                "y": 0
            }
        },
        "node:16035028521942233600": {
            "location": {
                "x": -191,
                "y": -301
            }
        },
        "node:2961344633225366772": {
            "location": {
                "x": 940,
                "y": -83
            }
        },
        "node:3866949836348240514": {
            "location": {
                "x": 321,
                "y": -279
            }
        },
        "node:4151945177433249382": {
            "location": {
                "x": -10,
                "y": -87
            }
        },
        "node:4904334255954137471": {
            "location": {
                "x": 600,
                "y": 0
            }
        },
        "node:4978237126865213354": {
            "location": {
                "x": 337,
                "y": -71
            }
        },
        "node:5953931436949571373": {
            "location": {
                "x": 1,
                "y": -343
            }
        },
        "node:6803507457145549496": {
            "location": {
                "x": 161,
                "y": 51
            }
        },
        "node:7347219541194917519": {
            "location": {
                "x": 321,
                "y": -423
            }
        }
    },
    "selection": null,
    "view": {
        "scroll": {
            "x": -114.40982818603516,
            "y": -499.56903076171875
        },
        "visible_rect": {
            "max": {
                "x": 1096.857177734375,
                "y": 255.83676147460938
            },
            "min": {
                "x": -150.5430908203125,
                "y": -657.344482421875
            }
        },
        "zoom": 0.7599805593490601
    }
}